{
  "layer1_metadata": {
    "score": 0.0,
    "suspicious_indicators": [],
    "metadata": {
      "fps": 30.0,
      "frame_count": 596,
      "resolution": "240x240",
      "codec": "h264",
      "duration_seconds": 19.866666666666667
    },
    "has_audio": false,
    "encoding_history": [],
    "frame_rate_consistent": true,
    "resolution_changes": false
  },
  "layer2a_frame_based": {
    "ensemble_scores": [
      0.97973420681204,
      0.9859782314832595,
      0.9852793557430565,
      0.9856967422416179,
      0.9890686272404268,
      0.9879507050176224,
      0.9813894436418701,
      0.9824448198245298,
      0.9787492376724484,
      0.9706974845488398,
      0.9240343653473022,
      0.9841246734626713,
      0.5893995375902759,
      0.27959320573656804,
      0.39913992610057597,
      0.22639305598460105,
      0.3605818471165737,
      0.32743868376558066,
      0.220761995693016,
      0.16031700548201333,
      0.23052345914490308,
      0.14309231822360335,
      0.170563631753613,
      0.15980558239151743,
      0.0025500572860483227,
      0.161809719519755,
      0.1145141138065924,
      0.14661460440794022,
      0.15678933884393495,
      0.22872844002120307,
      0.26148431226850377,
      0.4116329201568201,
      0.4597228391049426,
      0.33620274962139207,
      0.07444303128773251,
      0.16762285892084736,
      0.1278150363787604,
      0.013788710842809245,
      0.7963609567515331,
      0.624851526380988,
      0.5960525023855889,
      0.4926723204521002,
      0.40547250422635195,
      0.32863599500293494,
      0.35615223662844503,
      0.3576671578888618,
      0.3457315361336278,
      0.5217431042421417,
      0.39202996143550806
    ],
    "face_scores": [
      0.3172849509561973,
      0.3163310571090758,
      0.31151942325016124,
      0.38169737408154125,
      0.4164286086606044,
      0.4199666817548867,
      0.4261338716403694,
      0.43063672769188227,
      0.3292884596575062,
      0.3549484685305828,
      0.351456364146679,
      0.20239695742727656,
      0.3908361495936672,
      0.25714352572976135,
      0.30587948016310795,
      0.1267990340778673,
      0.15038303907560463,
      0.18156735127167645,
      0.256934641021687,
      0.25866806664848574,
      0.28432965686274514,
      0.32478578430956523,
      0.17051776395667884,
      0.225,
      0.3148872802562571,
      0.20493533036890907,
      0.1448539025242039,
      0.1337726218397013,
      0.1112334057039274,
      0.15163009581214545,
      0.19925669680446947,
      0.17100540435599398,
      0.19803324680139295,
      0.17838103550053436,
      0.1718017011549831
    ],
    "frequency_scores": [
      0.6097185625125108,
      0.6797207778867574,
      0.6795047322320933,
      0.6593149506996845,
      0.7256679747548114,
      0.6974901321359177,
      0.7253122149056168,
      0.7259338550743912,
      0.7560417987350965,
      0.7568481192430719,
      0.7159062283035473,
      0.6462511417166432,
      0.6342879703800133,
      0.6932065882657088,
      0.6544785659221517,
      0.7184156923400267,
      0.6305360377993077,
      0.6146328164216073,
      0.6429502076221503,
      0.7139616679421106,
      0.7025618099296348,
      0.5995793792994403,
      0.6317475494827742,
      0.6278001615089104,
      0.6156031888161027,
      0.6044241411447446,
      0.620180096208884,
      0.6390684810994041,
      0.6859275081422773,
      0.699290438843672,
      0.6244397808691438,
      0.6414553923642496,
      0.6054947125302351,
      0.6537210642736286,
      0.6518966696310731,
      0.7453108329922318,
      0.7321017745518881,
      0.7022232515838585,
      0.7033984551813082,
      0.6857197126040806,
      0.6875049227914143,
      0.6806015365073329,
      0.6991053697887899,
      0.6911923652372483,
      0.6857234120463642,
      0.6869291526385899,
      0.6642058603333627,
      0.6834372252935179,
      0.6817315149788805
    ],
    "avg_ensemble": 0.46701727910232427,
    "avg_face": 0.26202069024971797,
    "avg_frequency": 0.673725628480944,
    "max_ensemble": 0.9890686272404268
  },
  "layer2a_3d_video": {
    "score": 0.13533649206161497,
    "clip_scores": [
      0.13268558979034423,
      0.13013713359832763,
      0.13340508937835693,
      0.13666648864746095,
      0.13054858446121215,
      0.13667696714401245,
      0.13784782886505126,
      0.13857107162475585,
      0.12208219766616821
    ],
    "confidence": 0.7,
    "method": "videomae"
  },
  "layer2a_temporal": {
    "score": 0.5537595634460448,
    "landmark_jitter": 0.5,
    "identity_shifts": 27,
    "motion_smoothness": 0.9041347885131836,
    "optical_flow_anomalies": 6,
    "inconsistencies": [
      "27 identity shifts detected"
    ]
  },
  "layer2b_audio": {
    "has_audio": false,
    "score": 0.0
  },
  "layer2c_physiological": {
    "score": 0.4,
    "heartbeat_detected": false,
    "blink_pattern_natural": true,
    "breathing_detected": "True",
    "anomalies": [
      "No heartbeat detected"
    ],
    "heartbeat_bpm": 0,
    "blink_count": 0
  },
  "layer2d_physics": {
    "score": 0.3,
    "lighting_consistent": true,
    "depth_plausible": true,
    "reflection_consistent": true,
    "anomalies": [
      "Inconsistent shadow directions"
    ]
  },
  "final_score": 0.42389118365224243,
  "risk_level": "Medium",
  "confidence": 0.9945,
  "method_breakdown": {
    "metadata": 0.0,
    "frame_based": 0.6094626571793039,
    "temporal": 0.5537595634460448,
    "3d_video": 0.13533649206161497,
    "physiological": 0.4,
    "physics": 0.3
  }
}